"CROP","SAMPLING","YEAR","PLOT","SAMPLE_ID","FUNGI_ID","BACTERIA_ID","TREATMENT","ROT","ROTATION","REP","PREVIOUS_CROP","YEARS","TYPE","STAND_PLOT_1","STAGE_V2","DW_PLOT","AV_DW","STAGE_V7","STAGE_R3","P","K","S","CA","MG","ZN","MN","B","CU","FE","N","C","C_N","X0_10_TN","X0_10_TC","X0_10_NO3N","X0_10_BRAYP","X10_30_TN","X10_30_TC","X10_30_NO3N","X10_30_BRAYP","X0_10_K","X10_30_K","CROPYIELD","TEMPERATURE","VMOISTURE","SHOOT_HEIGHT","SHOOT_MOISTURE","TEMPERATURE_VAR","VMOISTURE_VAR","SHOOT_HEIGHT_VAR","SHOOT_MOISTURE_VAR","NODULATION"
"corn","flowering",2016,108,"corn_2016_108_t2","FC2.108","BC2.108_S155_L001","R30","H","COWS","R1","Soy","Four","A",NA,NA,483.7,120.925,NA,NA,0.16,0.69,0.09,0.48,0.43,26.68,63.89,8.39,7.15,98.33,1.6652,45.429,27.28140764,0.15153,1.8454,2.531,NA,0.10153,1.1147,0.9594,NA,NA,NA,5995.339476,19.9861111125,35.3,NA,0.80437596052738,0.0110596715329218,1.22,NA,NA,NA
"corn","flowering",2016,113,"corn_2016_113_t2","FC2.113","BC2.113_S154_L001","R34","I","CSCS","R1","Soy","Two","C",NA,NA,415.4,103.85,NA,NA,0.15,0.65,0.08,0.48,0.42,27.32,60.34,6.93,8.11,84.07,1.6641,45.146,27.12937924,0.17127,2.1222,3.606,NA,0.14191,1.6369,1.912,NA,NA,NA,5218.341561,21.694444445,42.45,NA,0.814958350037864,0.0421810696707821,13.6366666666667,NA,NA,NA
"corn","flowering",2016,118,"corn_2016_118_t2","FC2.118","BC2.118_S151_L001","R26","G","CSSwP","R1","Pea","Four","B",NA,NA,444.9,111.225,NA,NA,0.13,0.63,0.07,0.41,0.35,20.22,44.65,5.94,6.1,81.84,1.2917,45.94,35.56553379,0.1767,2.0665,3.965,NA,0.14179,1.6776,1.284,NA,NA,NA,5704.710104,19.5138888875,40.375,NA,0.793932376100046,0.035751029804527,2.16916666666666,NA,NA,NA
"corn","flowering",2016,124,"corn_2016_124_t2","FC2.124","BC2.124_S149_L001","R18","E","CSSwSf","R1","Sunflower","Four","B",NA,NA,465.5,116.375,NA,NA,0.13,0.76,0.05,0.37,0.32,24.12,38.96,6.87,5.32,45.21,1.1673,45.404,38.89659899,0.16815,1.9404,1.904,NA,0.10995,1.2175,0.7371,NA,NA,NA,5787.880185,20.291666665,37.65,NA,0.801297648012976,0.00282921800411519,2.13666666666667,NA,NA,NA
"corn","flowering",2016,125,"corn_2016_125_t2","FC2.125","BC2.125_S147_L001","R10","C","CPWS","R1","Soy","Four","A",NA,NA,422.8,105.7,NA,NA,0.17,0.72,0.08,0.53,0.43,27.03,53.19,6.32,5.36,68.14,1.5731,45.567,28.96637213,0.16714,2.0337,3.37,NA,0.10937,1.4286,2.625,NA,NA,NA,4879.99237,22.36111111,34.575,NA,0.813127071823204,0.108024690123456,5.50916666666667,NA,NA,NA
"corn","flowering",2016,205,"corn_2016_205_t2","FC2.205","BC2.205_S152_L001","R18","E","CSSwSf","R2","Sunflower","Four","B",NA,NA,526.3,131.575,NA,NA,0.17,0.68,0.08,0.47,0.4,28.22,50.38,6.58,8.97,89.9,1.7051,45.51,26.69051669,0.15939,1.823,3.966,NA,0.13235,1.5146,0.6158,NA,NA,NA,5073.645491,21.541666665,33.225,NA,0.801313752878553,0.0954218113374488,0.209166666666667,NA,NA,NA
"corn","flowering",2016,213,"corn_2016_213_t2","FC2.213","BC2.213_S148_L001","R26","G","CSSwP","R2","Pea","Four","B",NA,NA,458.7,114.675,NA,NA,0.15,0.73,0.1,0.48,0.41,19.98,63.4,7.33,7.6,111.98,1.6992,45.523,26.79084275,0.13778,1.5952,2.997,NA,0.10682,1.1769,0.4953,NA,NA,NA,5681.249325,21.2777777775,35.425,NA,0.805668530757499,0.0761316872016461,0.782500000000001,NA,NA,NA
"corn","flowering",2016,221,"corn_2016_221_t2","FC2.221","BC2.221_S153_L001","R10","C","CPWS","R2","Soy","Four","A",NA,NA,421.4,105.35,NA,NA,0.18,0.72,0.1,0.53,0.44,20.89,54.52,6.85,6.71,101.21,1.7005,45.693,26.87033226,0.14846,1.7637,2.865,NA,0.11761,1.194,0.4741,NA,NA,NA,4939.915732,21.76388889,35.125,NA,0.811149950703594,0.000771605061728454,12.0691666666667,NA,NA,NA
"corn","flowering",2016,223,"corn_2016_223_t2","FC2.223","BC2.223_S150_L001","R30","H","COWS","R2","Soy","Four","A",NA,NA,426.9,106.725,NA,NA,0.11,0.69,0.06,0.34,0.31,24.35,40.5,5.29,6.04,98.06,1.153,44.98,39.01127493,0.15242,1.9087,5.615,NA,0.13,1.6308,1.021,NA,NA,NA,5770.729821,20.4166666675,21.8,NA,0.791093711769024,0.0421810705967078,8.38666666666667,NA,NA,NA
"corn","flowering",2016,230,"corn_2016_230_t2","FC2.230","BC2.230_S156_L001","R34","I","CSCS","R2","Soy","Two","C",NA,NA,419.2,104.8,NA,NA,0.2,0.68,0.09,0.57,0.48,25.64,55.78,7.94,9.09,138.74,1.8494,45.315,24.50254136,0.15757,1.941,3.148,NA,0.11265,1.2588,1.095,NA,NA,NA,4998.362217,21.8472222225,34.575,NA,0.814775539059738,0.00694444398148152,6.92916666666667,NA,NA,NA
"corn","flowering",2016,302,"corn_2016_302_t2","FC2.302","BC2.302_S146_L001","R10","C","CPWS","R3","Soy","Four","A",NA,NA,435.8,108.95,NA,NA,0.18,0.74,0.1,0.5,0.43,29.46,68.29,6.73,10.1,109.63,1.6606,45.444,27.36601228,0.18653,2.3277,2.536,NA,0.14524,1.6341,0.3665,NA,NA,NA,5641.497842,21.4305555575,40.925,NA,0.809552943232968,0.0275205763683129,4.07583333333334,NA,NA,NA
"corn","flowering",2016,310,"corn_2016_310_t2","FC2.310","BC2.310_S144_L001","R34","I","CSCS","R3","Soy","Two","C",NA,NA,424.4,106.1,NA,NA,0.18,0.72,0.1,0.55,0.48,27.8,76.17,8.62,10.04,101.11,1.9391,45.359,23.39177969,0.11638,1.3464,3.754,NA,0.09703,0.98885,1.552,NA,NA,NA,5179.622737,22.5,28.7,NA,0.823453554640376,0.0102880660082303,7.84666666666667,NA,NA,NA
"corn","flowering",2016,314,"corn_2016_314_t2","FC2.314","BC2.314_S142_L001","R26","G","CSSwP","R3","Pea","Four","B",NA,NA,445.7,111.425,NA,NA,0.15,0.68,0.09,0.48,0.37,17.53,71.01,6.42,7.86,76.95,1.5732,45.632,29.00584795,0.12281,1.5031,1.675,NA,0.09586,1.0214,0.5651,NA,NA,NA,5778.161307,21.8055555575,31.05,NA,0.804156780033395,0.200617284012345,4.91,NA,NA,NA
"corn","flowering",2016,328,"corn_2016_328_t2","FC2.328","BC2.328_S139_L001","R30","H","COWS","R3","Soy","Four","A",NA,NA,462.2,115.55,NA,NA,0.11,0.61,0.05,0.34,0.33,20.85,38.01,4.6,4.09,152.36,1.1308,45.363,40.11584719,0.17155,2.056,2.342,NA,0.10835,1.1923,0.3536,NA,NA,NA,5880.354796,20.47222222,31.375,NA,0.786137331112345,0.0257201650205763,46.8891666666667,NA,NA,NA
"corn","flowering",2016,336,"corn_2016_336_t2","FC2.336","BC2.336_S141_L001","R18","E","CSSwSf","R3","Sunflower","Four","B",NA,NA,576.6,144.15,NA,NA,0.11,0.68,0.06,0.36,0.32,22.63,40.19,4.6,8.07,71.88,1.3152,45.562,34.6426399,0.1656,2.0966,4.359,NA,0.14291,1.6474,0.7133,NA,NA,NA,5250.743544,20.1388888875,38.1,NA,0.801206688501982,0.136831278168725,7.55333333333333,NA,NA,NA
"corn","flowering",2016,402,"corn_2016_402_t2","FC2.402","BC2.402_S145_L001","R30","H","COWS","R4","Soy","Four","A",NA,NA,515.2,128.8,NA,NA,0.14,0.78,0.08,0.44,0.35,23.97,61.79,4.97,7.6,93.07,1.4202,45.413,31.97648219,0.17715,2.1389,3.338,NA,0.13228,1.5163,0.3113,NA,NA,NA,6207.21818,21.694444445,39.725,NA,0.794421611268505,0.73353908979424,6.82916666666667,NA,NA,NA
"corn","flowering",2016,407,"corn_2016_407_t2","FC2.407","BC2.407_S143_L001","R10","C","CPWS","R4","Soy","Four","A",NA,NA,461.4,115.35,NA,NA,0.18,0.76,0.09,0.51,0.4,22.82,62.87,8.09,10.08,111.66,1.6767,45.679,27.24339476,0.13138,1.4901,2.485,NA,0.09592,1.0877,0.8213,NA,NA,NA,5382.387371,21.9722222225,34.5,NA,0.813823992252754,0.0216049389506176,1.82666666666667,NA,NA,NA
"corn","flowering",2016,426,"corn_2016_426_t2","FC2.426","BC2.426_S140_L001","R26","G","CSSwP","R4","Pea","Four","B",NA,NA,484.6,121.15,NA,NA,0.12,0.68,0.08,0.42,0.31,19.24,47.95,5.19,7.73,72.9,1.6037,45.442,28.33572364,0.17202,2.0079,3.577,NA,0.10756,1.1306,0.3202,NA,NA,NA,5513.44034,22.51388889,36.65,NA,0.793848640830391,1.18801440522634,7.43,NA,NA,NA
"corn","flowering",2016,427,"corn_2016_427_t2","FC2.427","BC2.427_S137_L001","R34","I","CSCS","R4","Soy","Two","C",NA,NA,431.6,107.9,NA,NA,0.16,0.75,0.09,0.55,0.44,27.33,60.88,7.39,9.57,112.63,1.7804,45.446,25.52572456,0.16425,1.9216,3.101,NA,0.11282,1.3373,0.7031,NA,NA,NA,5207.830797,22.0694444425,38.925,NA,0.809884591665933,0.0336934157510283,6.79583333333333,NA,NA,NA
"corn","flowering",2016,430,"corn_2016_430_t2","FC2.430","BC2.430_S138_L001","R18","E","CSSwSf","R4","Sunflower","Four","B",NA,NA,507,126.75,NA,NA,0.15,0.73,0.08,0.49,0.39,22.28,50.31,6.66,6.77,86.49,1.675,45.539,27.18746269,0.16903,1.9696,3.014,NA,0.11035,1.2071,0.5983,NA,NA,NA,5651.559034,21.4027777775,40.925,NA,0.800141911069063,0.317644032355966,4.94916666666666,NA,NA,NA
"corn","flowering",2017,104,"corn_2017_104_t2","FC2.corn_t2_104","BC2.corn_t2_104_V4_S7","R29","H","COWS","R1","Soy","Four","A",NA,NA,1717.1,78.75,4,1,0.21,0.48,0.1,0.42,0.39,22.93,48.49,5.67,5.74,69.82,1.7137,45.749,26.69603781,0.16791,1.836,5.2,9,0.11795,1.1667,2.9,2,86,97,8772.603725,NA,NA,NA,NA,NA,NA,NA,NA,NA
"corn","flowering",2017,123,"corn_2017_123_t2","FC2.corn_t2_123","BC2.corn_t2_123_V4_S8","R9","C","CPWS","R1","Soy","Four","A",NA,NA,1891.5,89.5,4,3,0.19,0.56,0.12,0.43,0.37,26.28,50.4,4.18,6.1,70.04,1.8277,45.485,24.88646933,0.1783,1.947,5.5,6,0.14556,1.5047,3,2,103,98,9816.772729,NA,NA,NA,NA,NA,NA,NA,NA,NA
"corn","flowering",2017,131,"corn_2017_131_t2","FC2.corn_t2_131","BC2.corn_t2_131_V4_S9","R25","G","CSSwP","R1","Pea","Four","B",NA,NA,2292.1,108.25,4,4,0.17,0.63,0.11,0.53,0.44,18.89,47.13,4.84,5.52,77.51,1.5861,45.37,28.6047538,0.21206,2.3861,6.1,15,0.17832,1.9999,2.7,4,142,122,11441.30485,NA,NA,NA,NA,NA,NA,NA,NA,NA
"corn","flowering",2017,133,"corn_2017_133_t2","FC2.corn_t2_133","BC2.corn_t2_133_V4_S19","R33","I","CSCS","R1","Soy","Two","C",NA,NA,1721,74.75,4,0,0.19,0.55,0.11,0.47,0.48,29.03,45.23,5.02,5.7,60.56,1.8196,45.164,24.82083974,0.19597,2.2153,5,5,0.14153,1.4759,4.5,3,91,110,8707.441491,NA,NA,NA,NA,NA,NA,NA,NA,NA
"corn","flowering",2017,136,"corn_2017_136_t2","FC2.corn_t2_136","BC2.corn_t2_136_V4_S20","R17","E","CSSwSf","R1","Sunflower","Four","B",NA,NA,1565.5,67.75,4,0,0.2,0.68,0.12,0.44,0.4,34.42,45.98,4.75,6.4,68.57,1.8977,45.379,23.91263108,0.17819,1.9197,3.2,4,0.13195,1.3246,1.9,2,114,110,9614.355075,NA,NA,NA,NA,NA,NA,NA,NA,NA
"corn","flowering",2017,207,"corn_2017_207_t2","FC2.corn_t2_207","BC2.corn_t2_207_V4_S21","R29","H","COWS","R2","Soy","Four","A",NA,NA,1812.8,85.25,4,2,0.18,0.44,0.11,0.43,0.34,20.46,56.06,5.18,5.68,124.17,1.777,45.411,25.55486775,0.15389,1.6404,5.8,6,0.13481,1.4074,3.2,3,93,91,10094.37601,NA,NA,NA,NA,NA,NA,NA,NA,NA
"corn","flowering",2017,209,"corn_2017_209_t2","FC2.corn_t2_209","BC2.corn_t2_209_V4_S37","R17","E","CSSwSf","R2","Sunflower","Four","B",NA,NA,1145.1,45.75,0,0,0.21,0.58,0.13,0.44,0.48,54.32,46.97,5.39,7.93,93.86,2.1573,45.162,20.93450146,0.16713,1.8249,4.4,5,0.13558,1.4171,2,3,100,100,8431.213127,NA,NA,NA,NA,NA,NA,NA,NA,NA
"corn","flowering",2017,217,"corn_2017_217_t2","FC2.corn_t2_217","BC2.corn_t2_217_V4_S32","R25","G","CSSwP","R2","Pea","Four","B",NA,NA,2268.3,112.25,4,4,0.14,0.6,0.09,0.3,0.22,16.82,42.65,3.5,4.1,55.16,1.2703,45.494,35.81358734,0.17189,1.9477,3.8,4,0.14531,1.5516,2.9,2,101,114,11336.20004,NA,NA,NA,NA,NA,NA,NA,NA,NA
"corn","flowering",2017,220,"corn_2017_220_t2","FC2.corn_t2_220","BC2.corn_t2_220_V4_S33","R33","I","CSCS","R2","Soy","Two","C",NA,NA,1465.4,64.25,4,0,0.18,0.43,0.11,0.38,0.38,28.23,40.7,4.52,6.28,58.86,1.7598,45.134,25.64723264,0.14875,1.6679,2.3,7,0.09655,1.0073,1.3,3,104,106,6546.505407,NA,NA,NA,NA,NA,NA,NA,NA,NA
"corn","flowering",2017,235,"corn_2017_235_t2","FC2.corn_t2_235","BC2.corn_t2_235_V4_S43","R9","C","CPWS","R2","Soy","Four","A",NA,NA,1516.1,71.75,4,1,0.2,0.63,0.12,0.49,0.47,27.06,47.39,5.69,6.19,70.95,1.7958,45.393,25.27731373,0.17784,2.0473,2.5,7,0.14536,1.5307,2.5,3,101,93,8904.672763,NA,NA,NA,NA,NA,NA,NA,NA,NA
"corn","flowering",2017,323,"corn_2017_323_t2","FC2.corn_t2_323","BC2.corn_t2_323_V4_S44","R25","G","CSSwP","R3","Pea","Four","B",NA,NA,1571.7,78.25,4,4,0.17,0.65,0.12,0.55,0.48,26.49,54.53,5.45,5.65,92.41,1.667,45.476,27.28014397,0.17207,1.9993,3.9,10,0.14723,1.5648,2,4,112,88,10111.56478,NA,NA,NA,NA,NA,NA,NA,NA,NA
"corn","flowering",2017,330,"corn_2017_330_t2","FC2.corn_t2_330","BC2.corn_t2_330_V4_S45","R29","H","COWS","R3","Soy","Four","A",NA,NA,1647.6,76,4,2,0.21,0.53,0.12,0.49,0.52,38.74,50.44,5.45,6.72,67.68,1.9204,45.109,23.48937721,0.17853,1.998,4.4,7,0.12982,1.3305,2.8,3,123,107,9857.055656,NA,NA,NA,NA,NA,NA,NA,NA,NA
"corn","flowering",2017,332,"corn_2017_332_t2","FC2.corn_t2_332","BC2.corn_t2_332_V4_S55","R33","I","CSCS","R3","Soy","Two","C",NA,NA,1373,59.75,4,0,0.22,0.52,0.13,0.53,0.53,30.61,51.76,6.09,6.82,78.01,1.9657,45.232,23.01063234,0.18014,1.957,4.7,5,0.10317,1.0602,3.5,2,111,105,7669.786456,NA,NA,NA,NA,NA,NA,NA,NA,NA
"corn","flowering",2017,333,"corn_2017_333_t2","FC2.corn_t2_333","BC2.corn_t2_333_V4_S56","R9","C","CPWS","R3","Soy","Four","A",NA,NA,1666.6,80,4,2,0.18,0.61,0.11,0.47,0.45,27.31,51.41,5.24,6.29,77.62,1.6955,45.351,26.74786199,0.17658,1.8965,3.5,14,0.12093,1.1793,2.5,3,117,111,9578.329894,NA,NA,NA,NA,NA,NA,NA,NA,NA
"corn","flowering",2017,337,"corn_2017_337_t2","FC2.corn_t2_337","BC2.corn_t2_337_V4_S57","R17","E","CSSwSf","R3","Sunflower","Four","B",NA,NA,1549.5,70.75,4,0,0.19,0.67,0.11,0.53,0.53,32.6,46.94,5.32,5.45,64.43,1.6785,45.441,27.07238606,0.18518,1.9973,2.4,5,0.12976,1.3017,1.9,2,123,110,8417.968807,NA,NA,NA,NA,NA,NA,NA,NA,NA
"corn","flowering",2017,406,"corn_2017_406_t2","FC2.corn_t2_406","BC2.corn_t2_406_V4_S67","R17","E","CSSwSf","R4","Sunflower","Four","B",NA,NA,1511.4,66.25,2,0,0.24,0.57,0.12,0.53,0.6,29.62,65.31,6.03,5.64,125.78,1.8821,45.179,24.00456936,0.15949,1.7209,4.4,5,0.09848,0.96025,1.6,3,122,98,9006.362812,NA,NA,NA,NA,NA,NA,NA,NA,NA
"corn","flowering",2017,409,"corn_2017_409_t2","FC2.corn_t2_409","BC2.corn_t2_409_V4_S68","R29","H","COWS","R4","Soy","Four","A",NA,NA,2165.3,105.5,4,4,0.2,0.48,0.1,0.46,0.42,27.74,51.11,4.88,3.96,80.61,1.3697,45.541,33.24888662,0.1466,1.6047,3.6,7,0.11435,1.1663,3.3,3,103,93,9769.022403,NA,NA,NA,NA,NA,NA,NA,NA,NA
"corn","flowering",2017,411,"corn_2017_411_t2","FC2.corn_t2_411","BC2.corn_t2_411_V4_S69","R25","G","CSSwP","R4","Pea","Four","B",NA,NA,2107.4,104.75,4,4,0.19,0.67,0.11,0.5,0.42,28.07,60.63,4.94,5.07,86.94,1.5912,45.476,28.57968829,0.14094,1.519,3.1,5,0.09659,0.95402,3.4,2,101,98,10063.73556,NA,NA,NA,NA,NA,NA,NA,NA,NA
"corn","flowering",2017,421,"corn_2017_421_t2","FC2.corn_t2_421","BC2.corn_t2_421_V4_S79","R9","C","CPWS","R4","Soy","Four","A",NA,NA,1727,83.75,4,1,0.2,0.6,0.14,0.51,0.48,26.76,48.5,6.63,6.45,68.43,1.9202,45.613,23.75429643,0.1593,1.7444,3.6,7,0.11934,1.2514,3,3,105,100,8825.303765,NA,NA,NA,NA,NA,NA,NA,NA,NA
"corn","flowering",2017,434,"corn_2017_434_t2","FC2.corn_t2_434","BC2.corn_t2_434_V4_S80","R33","I","CSCS","R4","Soy","Two","C",NA,NA,1144.1,43.75,4,0,0.25,0.57,0.16,0.65,0.64,31.21,61.23,7.74,7.35,100.36,2.2231,44.703,20.10840718,0.19306,2.226,4.6,5,0.15055,1.6167,3.6,3,124,104,6655.568188,NA,NA,NA,NA,NA,NA,NA,NA,NA
"corn","seedling",2016,108,"corn_2016_108_t1","FC1.108","BC1.108_S161_L001","R30","H","COWS","R1","Soy","Four","A",16,5,1.4,0.233333333,NA,NA,0.8,1.16,0.37,1.39,1.19,63.44,116.8,10.64,32.04,287.25,5.5959,45.088,8.057327686,NA,NA,NA,NA,NA,NA,NA,NA,NA,NA,NA,15.3833333333333,40.6666666666667,20.3333333333333,0.853948808245717,0.0136666666666667,5.46666666666667,2.32666666666667,0.000357572712460151,NA
"corn","seedling",2016,113,"corn_2016_113_t1","FC1.113","BC1.113_S158_L001","R34","I","CSCS","R1","Soy","Two","C",15,5,1.16,0.193333333,NA,NA,0.8,1.03,0.37,1.4,1.2,65.55,109.8,7.11,34.99,291.37,5.5103,45.027,8.171424423,NA,NA,NA,NA,NA,NA,NA,NA,NA,NA,NA,15.2,41.1666666666667,18.2333333333333,0.850510072573763,0.0120000000000001,18.1666666666667,7.54666666666667,9.60742995672082e-05,NA
"corn","seedling",2016,118,"corn_2016_118_t1","FC1.118","BC1.118_S172_L001","R26","G","CSSwP","R1","Pea","Four","B",15,6,2.48,0.413333333,NA,NA,0.58,1.97,0.34,1.17,0.79,51.45,96.67,31.12,23.13,545.93,5.4951,44.48,8.094484177,NA,NA,NA,NA,NA,NA,NA,NA,NA,NA,NA,15.5,45,25.0333333333333,0.859277826847592,0.0119999999999999,2.4,10.4826666666667,0.000160300703303707,NA
"corn","seedling",2016,124,"corn_2016_124_t1","FC1.124","BC1.124_S163_L001","R18","E","CSSwSf","R1","Sunflower","Four","B",15,5,2.02,0.336666667,NA,NA,0.68,1.58,0.31,1.34,0.87,56.38,96.37,31.88,30.4,315.48,5.2157,45.328,8.690683897,NA,NA,NA,NA,NA,NA,NA,NA,NA,NA,NA,16.45,41.5,24.3,0.861827936845315,0.375,21.5,5.36,4.59109964965856e-05,NA
"corn","seedling",2016,125,"corn_2016_125_t1","FC1.125","BC1.125_S160_L001","R10","C","CPWS","R1","Soy","Four","A",16,5,1.2,0.2,NA,NA,0.73,1.11,0.33,1.41,1.1,81.21,101.72,5.67,31.34,258.62,5.4711,45.379,8.294310102,NA,NA,NA,NA,NA,NA,NA,NA,NA,NA,NA,17.1666666666667,39.6666666666667,19.94,0.868733760470634,0.134666666666666,19.4666666666667,21.763,0.000175390878143439,NA
"corn","seedling",2016,205,"corn_2016_205_t1","FC1.205","BC1.205_S171_L001","R18","E","CSSwSf","R2","Sunflower","Four","B",14,6,1.92,0.32,NA,NA,0.73,1.31,0.32,1.32,1.03,67.58,92.47,43.57,31.77,296.68,5.5248,44.847,8.117397915,NA,NA,NA,NA,NA,NA,NA,NA,NA,NA,NA,15.5833333333333,41.5,22.2833333333333,0.868386676605972,0.0576666666666666,5.5,4.68966666666666,7.94044122397766e-06,NA
"corn","seedling",2016,213,"corn_2016_213_t1","FC1.213","BC1.213_S166_L001","R26","G","CSSwP","R2","Pea","Four","B",17,6,1.76,0.293333333,NA,NA,0.71,1.07,0.37,1.38,1.07,45.53,98.83,35.79,30.05,324.65,5.4197,45.075,8.316881008,NA,NA,NA,NA,NA,NA,NA,NA,NA,NA,NA,15.8833333333333,43.8333333333333,22.9,0.880330726545974,0.0416666666666666,10.5666666666667,7.635,0.000820858573846261,NA
"corn","seedling",2016,221,"corn_2016_221_t1","FC1.221","BC1.221_S162_L001","R10","C","CPWS","R2","Soy","Four","A",15,6,1.36,0.226666667,NA,NA,0.82,1.17,0.36,1.53,1.15,65.11,118.33,6.16,29.95,320.28,5.6927,44.96,7.897834068,NA,NA,NA,NA,NA,NA,NA,NA,NA,NA,NA,15.7666666666667,43.1666666666667,19.3666666666667,0.85846495799792,0.0266666666666668,4.56666666666667,7.99466666666666,0.00105555236226097,NA
"corn","seedling",2016,223,"corn_2016_223_t1","FC1.223","BC1.223_S169_L001","R30","H","COWS","R2","Soy","Four","A",15,6,1.78,0.296666667,NA,NA,0.56,1.36,0.3,1.19,0.86,57.86,93.73,13.11,23.31,367.43,5.3729,45.174,8.407750005,NA,NA,NA,NA,NA,NA,NA,NA,NA,NA,NA,15.9666666666667,43.5,22.5666666666667,0.862090546655403,0.00666666666666662,3.1,3.52266666666667,1.68433354300515e-05,NA
"corn","seedling",2016,230,"corn_2016_230_t1","FC1.230","BC1.230_S167_L001","R34","I","CSCS","R2","Soy","Two","C",15,6,1.59,0.265,NA,NA,0.8,0.99,0.36,1.48,1.25,66.24,125.76,15.11,33.96,352.32,5.4921,44.401,8.084521403,NA,NA,NA,NA,NA,NA,NA,NA,NA,NA,NA,15.75,47.1666666666667,21.2666666666667,0.858006827185553,0.039,12.5666666666667,7.81066666666666,4.59454128447271e-05,NA
"corn","seedling",2016,302,"corn_2016_302_t1","FC1.302","BC1.302_S165_L001","R10","C","CPWS","R3","Soy","Four","A",12,6,1.51,0.251666667,NA,NA,0.8,1.05,0.39,1.54,1.35,66.49,124.93,8.21,37.17,431.42,5.4493,44.15,8.10195805,NA,NA,NA,NA,NA,NA,NA,NA,NA,NA,NA,16.3166666666667,53.8333333333333,20.6333333333333,0.869326616085645,0.0496666666666666,17.3666666666667,1.43866666666667,1.36693405965354e-05,NA
"corn","seedling",2016,310,"corn_2016_310_t1","FC1.310","BC1.310_S157_L001","R34","I","CSCS","R3","Soy","Two","C",12,4,0.86,0.143333333,NA,NA,0.75,0.83,0.4,1.55,1.33,55.9,144.67,40.17,33.43,324.81,5.2565,42.912,8.163606963,NA,NA,NA,NA,NA,NA,NA,NA,NA,NA,NA,16.5,38.6666666666667,17.65,0.859991370689325,0.0279999999999999,25.8666666666667,5.843,0.000326095386259637,NA
"corn","seedling",2016,314,"corn_2016_314_t1","FC1.314","BC1.314_S170_L001","R26","G","CSSwP","R3","Pea","Four","B",11,6,1.59,0.265,NA,NA,0.63,1.15,0.38,1.44,1.17,45.83,122.01,47.63,27.32,347.72,5.4074,44.696,8.265709953,NA,NA,NA,NA,NA,NA,NA,NA,NA,NA,NA,16.2,39.1666666666667,21.8833333333333,0.865443112121025,0.0120000000000001,8.16666666666667,5.26966666666667,4.28642561680847e-05,NA
"corn","seedling",2016,328,"corn_2016_328_t1","FC1.328","BC1.328_S175_L001","R30","H","COWS","R3","Soy","Four","A",10,6,1.45,0.241666667,NA,NA,0.74,1.12,0.38,1.39,1.16,69.43,112.55,5.88,34.1,341.24,5.4716,44.335,8.102748739,NA,NA,NA,NA,NA,NA,NA,NA,NA,NA,NA,16.0333333333333,45.8333333333333,20.5,0.867875323943821,0.00666666666666662,25.3666666666667,5.404,0.000105948080698081,NA
"corn","seedling",2016,336,"corn_2016_336_t1","FC1.336","BC1.336_S173_L001","R18","E","CSSwSf","R3","Sunflower","Four","B",14,6,2.88,0.48,NA,NA,0.5,2.52,0.3,1.04,0.66,49.77,74.15,32.3,25.66,253.65,5.2781,45.067,8.538489229,NA,NA,NA,NA,NA,NA,NA,NA,NA,NA,NA,15.5,49.8333333333333,26.34,0.870733965793584,0.084,17.3666666666667,8.59800000000001,0.000122094984539446,NA
"corn","seedling",2016,402,"corn_2016_402_t1","FC1.402","BC1.402_S176_L001","R30","H","COWS","R4","Soy","Four","A",12,6,1.22,0.203333333,NA,NA,0.73,1.15,0.35,1.39,1.16,55.24,125.47,6.07,34.31,534.14,5.2256,44.758,8.565140845,NA,NA,NA,NA,NA,NA,NA,NA,NA,NA,NA,16.9833333333333,51.5,19.7,0.865082935476781,0.0416666666666665,28.7,10.288,0.000144914254416567,NA
"corn","seedling",2016,407,"corn_2016_407_t1","FC1.407","BC1.407_S159_L001","R10","C","CPWS","R4","Soy","Four","A",13,6,1.7,0.283333333,NA,NA,0.78,1.26,0.34,1.32,1.03,60.31,100.18,4.92,30.2,232.75,5.313,45.374,8.540184453,NA,NA,NA,NA,NA,NA,NA,NA,NA,NA,NA,17.4166666666667,46.1666666666667,21.7166666666667,0.866692966476,0.265666666666666,5.76666666666667,4.56166666666667,8.82053466877879e-05,NA
"corn","seedling",2016,426,"corn_2016_426_t1","FC1.426","BC1.426_S168_L001","R26","G","CSSwP","R4","Pea","Four","B",11,6,1.83,0.305,NA,NA,0.68,1.16,0.38,1.37,1.05,56.11,97.84,29.78,30.01,298.41,5.3013,45.148,8.516401637,NA,NA,NA,NA,NA,NA,NA,NA,NA,NA,NA,17.3833333333333,49.5,22.6833333333333,0.860820826274219,0.0456666666666668,11.9,7.16166666666667,3.97414381100169e-05,NA
"corn","seedling",2016,427,"corn_2016_427_t1","FC1.427","BC1.427_S174_L001","R34","I","CSCS","R4","Soy","Two","C",12,6,1.31,0.218333333,NA,NA,0.63,1.08,0.36,1.49,1.19,57.34,112.55,38.5,29.65,351.53,5.5021,44.855,8.152341833,NA,NA,NA,NA,NA,NA,NA,NA,NA,NA,NA,16.9,47,19.7166666666667,0.856854094098955,0.0240000000000001,12,6.57366666666667,0.000126518535602041,NA
"corn","seedling",2016,430,"corn_2016_430_t1","FC1.430","BC1.430_S164_L001","R18","E","CSSwSf","R4","Sunflower","Four","B",12,6,1.57,0.261666667,NA,NA,0.84,1.27,0.35,1.35,1.09,68.55,103.98,32.49,34.63,382.75,5.3196,44.464,8.358523197,NA,NA,NA,NA,NA,NA,NA,NA,NA,NA,NA,17.1166666666667,50.3333333333333,21,0.854295135922238,0.0736666666666664,38.6666666666667,11.505,0.000111355322168121,NA
"corn","seedling",2017,104,"corn_2017_104_t1","FC1.corn_t1_104","BC1.corn_t1_104_V4_S1","R29","H","COWS","R1","Soy","Four","A",4,6,5.04,0.123,NA,NA,0.51,1.65,0.31,1.18,0.86,38.64,131.9,4.66,9.46,1295.12,5.117,40.094,7.835450459,NA,NA,NA,NA,NA,NA,NA,NA,NA,NA,NA,NA,NA,NA,NA,NA,NA,NA,NA,NA
"corn","seedling",2017,123,"corn_2017_123_t1","FC1.corn_t1_123","BC1.corn_t1_123_V4_S2","R9","C","CPWS","R1","Soy","Four","A",6,6,5.42,0.138,NA,NA,0.52,1.46,0.34,1.2,0.81,41.73,96.54,5.64,10.1,942.28,5.1246,38.683,7.54849159,NA,NA,NA,NA,NA,NA,NA,NA,NA,NA,NA,NA,NA,NA,NA,NA,NA,NA,NA,NA
"corn","seedling",2017,131,"corn_2017_131_t1","FC1.corn_t1_131","BC1.corn_t1_131_V4_S13","R25","G","CSSwP","R1","Pea","Four","B",8,6,6.43,0.148,NA,NA,0.49,2.13,0.36,1.35,0.83,43.32,105.97,6.35,8.78,1202.59,5.0749,38.873,7.659855367,NA,NA,NA,NA,NA,NA,NA,NA,NA,NA,NA,NA,NA,NA,NA,NA,NA,NA,NA,NA
"corn","seedling",2017,133,"corn_2017_133_t1","FC1.corn_t1_133","BC1.corn_t1_133_V4_S14","R33","I","CSCS","R1","Soy","Two","C",2,5,3.28,0.082,NA,NA,0.63,0.48,0.61,2.77,0.83,187.5,225.88,9.26,36.09,1977.83,5.4101,39.776,7.352174636,NA,NA,NA,NA,NA,NA,NA,NA,NA,NA,NA,NA,NA,NA,NA,NA,NA,NA,NA,NA
"corn","seedling",2017,136,"corn_2017_136_t1","FC1.corn_t1_136","BC1.corn_t1_136_V4_S25","R17","E","CSSwSf","R1","Sunflower","Four","B",2,6,4.13,0.097,NA,NA,0.6,1.44,0.34,1.35,0.83,57.92,106.74,2.52,10.65,791.4,5.2913,41.457,7.834936594,NA,NA,NA,NA,NA,NA,NA,NA,NA,NA,NA,NA,NA,NA,NA,NA,NA,NA,NA,NA
"corn","seedling",2017,207,"corn_2017_207_t1","FC1.corn_t1_207","BC1.corn_t1_207_V4_S26","R29","H","COWS","R2","Soy","Four","A",4,6,4.54,0.117,NA,NA,0.55,1.21,0.32,1.18,0.84,67.88,150.09,2.97,9.19,1507.1,4.7303,34.796,7.35598165,NA,NA,NA,NA,NA,NA,NA,NA,NA,NA,NA,NA,NA,NA,NA,NA,NA,NA,NA,NA
"corn","seedling",2017,209,"corn_2017_209_t1","FC1.corn_t1_209","BC1.corn_t1_209_V4_S31","R17","E","CSSwSf","R2","Sunflower","Four","B",1,4,4.19,0.098,NA,NA,0.58,1.16,0.32,1.21,0.84,67.29,123.19,6.29,10.43,1144.29,5.3009,40.864,7.708879624,NA,NA,NA,NA,NA,NA,NA,NA,NA,NA,NA,NA,NA,NA,NA,NA,NA,NA,NA,NA
"corn","seedling",2017,217,"corn_2017_217_t1","FC1.corn_t1_217","BC1.corn_t1_217_V4_S38","R25","G","CSSwP","R2","Pea","Four","B",9,5,6.38,0.143,NA,NA,0.39,2.21,0.36,1.34,0.8,48.11,120.24,5.34,6.66,1179.62,4.8006,39.379,8.202932967,NA,NA,NA,NA,NA,NA,NA,NA,NA,NA,NA,NA,NA,NA,NA,NA,NA,NA,NA,NA
"corn","seedling",2017,220,"corn_2017_220_t1","FC1.corn_t1_220","BC1.corn_t1_220_V4_S49","R33","I","CSCS","R2","Soy","Two","C",9,6,4.09,0.095,NA,NA,0.53,1.26,0.33,1.4,0.89,94.07,120.03,3.6,11.38,1437.95,5.0227,37.967,7.559081769,NA,NA,NA,NA,NA,NA,NA,NA,NA,NA,NA,NA,NA,NA,NA,NA,NA,NA,NA,NA
"corn","seedling",2017,235,"corn_2017_235_t1","FC1.corn_t1_235","BC1.corn_t1_235_V4_S50","R9","C","CPWS","R2","Soy","Four","A",4,6,4.44,0.105,NA,NA,0.51,1.42,0.33,1.28,0.79,115.4,135.91,5.29,11.38,1752.11,4.9764,36.775,7.389880235,NA,NA,NA,NA,NA,NA,NA,NA,NA,NA,NA,NA,NA,NA,NA,NA,NA,NA,NA,NA
"corn","seedling",2017,323,"corn_2017_323_t1","FC1.corn_t1_323","BC1.corn_t1_323_V4_S61","R25","G","CSSwP","R3","Pea","Four","B",10,6,6.06,0.147,NA,NA,0.44,1.88,0.34,1.29,0.79,55.01,119.29,5.91,7.38,1259.91,5.02,37.739,7.517729084,NA,NA,NA,NA,NA,NA,NA,NA,NA,NA,NA,NA,NA,NA,NA,NA,NA,NA,NA,NA
"corn","seedling",2017,330,"corn_2017_330_t1","FC1.corn_t1_330","BC1.corn_t1_330_V4_S62","R29","H","COWS","R3","Soy","Four","A",7,6,5.51,0.147,NA,NA,0.49,1.39,0.3,1.17,0.77,71.75,166.08,6.37,8.7,2063.93,4.6396,34.899,7.521984654,NA,NA,NA,NA,NA,NA,NA,NA,NA,NA,NA,NA,NA,NA,NA,NA,NA,NA,NA,NA
"corn","seedling",2017,332,"corn_2017_332_t1","FC1.corn_t1_332","BC1.corn_t1_332_V4_S73","R33","I","CSCS","R3","Soy","Two","C",3,6,3.59,0.093,NA,NA,0.58,0.93,0.37,1.19,0.81,64.31,156.73,5.13,11.57,1782.55,5.3007,38.895,7.337710114,NA,NA,NA,NA,NA,NA,NA,NA,NA,NA,NA,NA,NA,NA,NA,NA,NA,NA,NA,NA
"corn","seedling",2017,333,"corn_2017_333_t1","FC1.corn_t1_333","BC1.corn_t1_333_V4_S74","R9","C","CPWS","R3","Soy","Four","A",10,6,4.63,0.123,NA,NA,0.44,1.24,0.29,1.15,0.75,41.45,155.08,5.62,11.48,2423.14,4.539,36.364,8.011456268,NA,NA,NA,NA,NA,NA,NA,NA,NA,NA,NA,NA,NA,NA,NA,NA,NA,NA,NA,NA
"corn","seedling",2017,337,"corn_2017_337_t1","FC1.corn_t1_337","BC1.corn_t1_337_V4_S85","R17","E","CSSwSf","R3","Sunflower","Four","B",1,5,5.44,0.133,NA,NA,0.52,1.69,0.24,1.11,0.74,43.51,108.17,6.11,9.49,1427.12,4.5233,36.92,8.162182477,NA,NA,NA,NA,NA,NA,NA,NA,NA,NA,NA,NA,NA,NA,NA,NA,NA,NA,NA,NA
"corn","seedling",2017,406,"corn_2017_406_t1","FC1.corn_t1_406","BC1.corn_t1_406_V4_S5","R17","E","CSSwSf","R4","Sunflower","Four","B",3,6,4.9,0.118,NA,NA,0.56,1.54,0.29,1.11,0.75,35.7,99.63,4.67,8.95,899.77,5.0207,39.616,7.890533193,NA,NA,NA,NA,NA,NA,NA,NA,NA,NA,NA,NA,NA,NA,NA,NA,NA,NA,NA,NA
"corn","seedling",2017,409,"corn_2017_409_t1","FC1.corn_t1_409","BC1.corn_t1_409_V4_S6","R29","H","COWS","R4","Soy","Four","A",5,6,5.73,0.138,NA,NA,0.44,1.65,0.26,1.09,0.71,36.15,116.57,4.39,8.42,1122.59,5.0222,39.344,7.834016965,NA,NA,NA,NA,NA,NA,NA,NA,NA,NA,NA,NA,NA,NA,NA,NA,NA,NA,NA,NA
"corn","seedling",2017,411,"corn_2017_411_t1","FC1.corn_t1_411","BC1.corn_t1_411_V4_S17","R25","G","CSSwP","R4","Pea","Four","B",10,6,5.38,0.13,NA,NA,0.5,1.86,0.34,1.22,0.75,28.86,106.9,4.9,9.38,857.64,5.1351,40.282,7.844443146,NA,NA,NA,NA,NA,NA,NA,NA,NA,NA,NA,NA,NA,NA,NA,NA,NA,NA,NA,NA
"corn","seedling",2017,421,"corn_2017_421_t1","FC1.corn_t1_421","BC1.corn_t1_421_V4_S18","R9","C","CPWS","R4","Soy","Four","A",7,6,4.25,0.095,NA,NA,0.57,0.96,0.36,1.26,0.82,61.26,112.05,1.32,14.72,1009.54,5.5521,40.194,7.239422921,NA,NA,NA,NA,NA,NA,NA,NA,NA,NA,NA,NA,NA,NA,NA,NA,NA,NA,NA,NA
"corn","seedling",2017,434,"corn_2017_434_t1","FC1.corn_t1_434","BC1.corn_t1_434_V4_S29","R33","I","CSCS","R4","Soy","Two","C",2,2,3.6,0.087,NA,NA,0.6,0.79,0.38,1.4,0.86,120.07,113.47,1.11,22.6,931.91,5.5745,39.423,7.072024397,NA,NA,NA,NA,NA,NA,NA,NA,NA,NA,NA,NA,NA,NA,NA,NA,NA,NA,NA,NA
"soy","flowering",2016,104,"soy_2016_104_t2","FS2.104","BS2.104_S118_L001","R29","H","COWS","R1","winter wheat","Four","A",NA,NA,16.38,4.095,4,4,0.31,0.77,0.18,1.9,1.02,40.53,78.31,53.1,10.45,138.72,3.8478,45.635,11.86002391,0.14328,1.7134,3.912,NA,0.10505,1.1536,3.402,NA,NA,NA,2245.959156,24.1250000025,NA,NA,0.766573724684821,0.0110596706069961,NA,NA,0.000195319974113894,1
"soy","flowering",2016,122,"soy_2016_122_t2","FS2.122","BS2.122_S128_L001","R19","E","CSSwSf","R1","corn","Four","B",NA,NA,8.83,2.2075,2,2,0.34,0.82,0.19,1.79,0.96,54.08,60.22,49.69,12.86,162.55,3.8896,45.83,11.78270259,0.17522,2.1527,2.345,NA,0.13106,1.5443,0.727,NA,NA,NA,2037.680071,23.930555555,NA,NA,0.757740062429109,0.126286006399177,NA,NA,0.00170277181657584,1
"soy","flowering",2016,123,"soy_2016_123_t2","FS2.123","BS2.123_S127_L001","R9","C","CPWS","R1","winter wheat","Four","A",NA,NA,23.27,5.8175,4,4,0.32,0.82,0.21,1.72,1.08,44.97,83.54,53.81,13.24,160.26,4.0441,45.58,11.27074009,0.16128,2.0074,2.719,NA,0.1496,1.7098,2.668,NA,NA,NA,2669.995845,24.3208333325,NA,NA,0.768866290299831,0.319966562815843,NA,NA,0.000290606894651375,1
"soy","flowering",2016,130,"soy_2016_130_t2","FS2.130","BS2.130_S135_L001","R27","G","CSSwP","R1","corn","Four","B",NA,NA,18.63,4.6575,4,4,0.36,0.75,0.17,1.68,1.08,42.81,67.57,57.97,12.02,147.12,3.7343,45.526,12.19130761,0.18664,2.2374,4.655,NA,0.14648,1.7773,3.508,NA,NA,NA,2321.283246,23.875,NA,NA,0.748175488552785,0.105709876790123,NA,NA,0.000105346509914013,1
"soy","flowering",2016,133,"soy_2016_133_t2","FS2.133","BS2.133_S133_L001","R33","I","CSCS","R1","corn","Two","C",NA,NA,10.31,2.5775,1,3,0.32,0.72,0.18,1.63,0.97,39.09,60.85,50.67,12.38,138.92,4.126,45.648,11.06349976,0.17568,2.2123,3.244,NA,0.13703,1.7649,2.613,NA,NA,NA,1748.048585,23.9166666675,NA,NA,0.750506795747159,0.159465017386832,NA,NA,1.19359702089208e-05,1
"soy","flowering",2016,207,"soy_2016_207_t2","FS2.207","BS2.207_S136_L001","R29","H","COWS","R2","winter wheat","Four","A",NA,NA,17.66,4.415,3,3,0.28,1.01,0.17,1.8,0.9,30.38,72.76,46.44,10.68,143.74,3.89,45.62,11.72750643,0.14407,1.6768,2.017,NA,0.12498,1.4565,2.255,NA,NA,NA,2253.922655,23.48611111,16.325,NA,0.780509942361195,0.0624999992592589,6.26916666666667,NA,0.000500891068205062,1
"soy","flowering",2016,220,"soy_2016_220_t2","FS2.220","BS2.220_S134_L001","R33","I","CSCS","R2","corn","Two","C",NA,NA,16.33,4.0825,2,2,0.31,0.78,0.18,1.71,0.96,40.46,62.75,51.78,11.38,179.92,3.8038,45.683,12.00983227,0.13346,1.6381,3.56,NA,0.10376,1.1169,3.418,NA,NA,NA,2063.285322,23.86111111,16.25,NA,0.742854939700609,0.00102880674897127,0.623333333333332,NA,0.00010318420787223,1
"soy","flowering",2016,227,"soy_2016_227_t2","FS2.227","BS2.227_S132_L001","R27","G","CSSwP","R2","corn","Four","B",NA,NA,14.51,3.6275,3,4,0.31,0.78,0.16,1.67,1.04,44.46,66.75,50.87,12.12,210.67,3.7686,44.906,11.91583081,0.14866,1.7183,2.487,NA,0.09471,1.0013,2.452,NA,NA,NA,2530.340089,24.3333333325,17.75,NA,0.745097341288588,0.00617283975308653,4.48333333333333,NA,0.000417452561249264,1
"soy","flowering",2016,231,"soy_2016_231_t2","FS2.231","BS2.231_S125_L001","R19","E","CSSwSf","R2","corn","Four","B",NA,NA,16.87,4.2175,3,3,0.28,0.72,0.15,1.45,0.86,36.52,53.13,47.64,11.92,119.99,3.7412,45.487,12.15839837,0.18856,2.2651,4.453,NA,0.14243,1.654,4.101,NA,NA,NA,2115.53022,24.8611111125,17.775,NA,0.755439421659419,0.103909464053498,8.78916666666667,NA,7.67482326244118e-05,1
"soy","flowering",2016,235,"soy_2016_235_t2","FS2.235","BS2.235_S123_L001","R9","C","CPWS","R2","winter wheat","Four","A",NA,NA,20.75,5.1875,4,4,0.3,0.82,0.18,1.66,1.01,54.05,63.82,54.11,11.22,129.5,3.8342,45.24,11.79907151,0.15979,1.9247,1.341,NA,0.13153,1.4803,1.364,NA,NA,NA,2507.948837,24.7777777775,14.5,NA,0.76234480427931,0.242798351646092,11.7666666666667,NA,1.62763678146341e-05,1
"soy","flowering",2016,301,"soy_2016_301_t2","FS2.301","BS2.301_S129_L001","R27","G","CSSwP","R3","corn","Four","B",NA,NA,20.01,5.0025,4,4,0.24,0.81,0.18,1.53,1,31,58.33,45.95,11.42,141.42,3.7481,45.118,12.0375657,0.18828,2.287,2.221,NA,0.16284,1.8521,2.242,NA,NA,NA,2574.082668,25.4583333325,20.925,NA,0.751731846088246,0.274434156491771,1.10916666666667,NA,3.46096698115345e-05,1
"soy","flowering",2016,321,"soy_2016_321_t2","FS2.321","BS2.321_S126_L001","R19","E","CSSwSf","R3","corn","Four","B",NA,NA,10.74,2.685,3,2,0.27,0.92,0.15,1.63,0.84,37.09,53.24,46.48,10.84,118.74,3.4377,45.596,13.26351921,0.15372,1.7624,4.291,NA,0.12524,1.3856,2.597,NA,NA,NA,2229.109614,26.791666665,14.25,NA,0.717146996216458,1.17155349298354,0.916666666666666,NA,0.00143891399566911,1
"soy","flowering",2016,330,"soy_2016_330_t2","FS2.330","BS2.330_S124_L001","R29","H","COWS","R3","winter wheat","Four","A",NA,NA,20.77,5.1925,4,2,0.26,0.85,0.17,1.54,0.94,33.89,60.09,45.49,11.24,144.74,3.7545,45.327,12.07271274,0.17322,2.0302,4.116,NA,0.12673,1.3986,2.171,NA,NA,NA,2597.307073,26.7083333325,16.175,NA,0.715218226216274,0.303240738981481,6.57583333333333,NA,0.00747918900867873,1
"soy","flowering",2016,332,"soy_2016_332_t2","FS2.332","BS2.332_S121_L001","R33","I","CSCS","R3","corn","Two","C",NA,NA,13.68,3.42,3,3,0.24,0.49,0.16,1.2,0.85,32.18,53.76,40.22,12.58,732.47,4.0188,45.153,11.23544342,0.17338,1.9631,4.76,NA,0.11829,1.3273,2.419,NA,NA,NA,1861.732443,26.680555555,20.025,NA,0.740842130640846,0.255915637139917,16.9691666666667,NA,0.000106851889443144,1
"soy","flowering",2016,333,"soy_2016_333_t2","FS2.333","BS2.333_S119_L001","R9","C","CPWS","R3","winter wheat","Four","A",NA,NA,20.37,5.0925,4,3,0.23,0.7,0.14,1.28,0.76,25.67,50.08,38.12,9.39,165.04,3.5336,45.379,12.84214399,0.15332,1.8407,4.922,NA,0.10634,1.1137,2.866,NA,NA,NA,2611.756115,27.1527777775,19.025,NA,0.745647353087798,0.210648147314815,1.87583333333333,NA,4.85552478349621e-05,1
"soy","flowering",2016,409,"soy_2016_409_t2","FS2.409","BS2.409_S122_L001","R29","H","COWS","R4","winter wheat","Four","A",NA,NA,23.48,5.87,4,4,0.31,1.13,0.17,1.64,0.79,49.43,63.57,46.59,10.98,188.65,3.9072,44.998,11.51668714,0.14201,1.6764,3.282,NA,0.10937,1.1876,2.706,NA,NA,NA,2242.958939,25.4166666675,NA,NA,0.760729000164103,0.027777777222222,NA,NA,6.4119290003402e-05,1
"soy","flowering",2016,419,"soy_2016_419_t2","FS2.419","BS2.419_S120_L001","R19","E","CSSwSf","R4","corn","Four","B",NA,NA,14.15,3.5375,4,1,0.25,0.75,0.13,1.39,0.78,38.6,48.08,43.34,15.29,125.36,3.8762,45.239,11.67096641,0.15043,1.8004,4.385,NA,0.11929,1.3075,2.516,NA,NA,NA,2206.083091,25.3611111125,NA,NA,0.753989317580631,0.301440327263374,NA,NA,0.000184836685329528,1
"soy","flowering",2016,421,"soy_2016_421_t2","FS2.421","BS2.421_S117_L001","R9","C","CPWS","R4","winter wheat","Four","A",NA,NA,21.52,5.38,4,4,0.24,0.8,0.15,1.52,0.82,32.64,52.38,42.72,11.3,132,3.7706,45.267,12.00525115,0.14654,1.737,4.227,NA,0.10882,1.2071,1.998,NA,NA,NA,2714.105399,25.7777777775,NA,NA,0.753933690265856,0.199588478189301,NA,NA,1.48340443269125e-05,0.5
"soy","flowering",2016,422,"soy_2016_422_t2","FS2.422","BS2.422_S131_L001","R27","G","CSSwP","R4","corn","Four","B",NA,NA,17.6,4.4,4,4,0.23,0.6,0.14,1.3,0.81,37.83,46.22,45.02,9.23,178.76,3.798,45.382,11.94892048,0.15608,1.7657,4.166,NA,0.11376,1.2205,2.549,NA,NA,NA,2486.862481,26,NA,NA,0.743533387073879,0.401234568395062,NA,NA,5.69803689631199e-05,1
"soy","flowering",2016,434,"soy_2016_434_t2","FS2.434","BS2.434_S130_L001","R33","I","CSCS","R4","corn","Two","C",NA,NA,12.69,3.1725,1,2,0.26,0.63,0.15,1.4,0.87,45.09,49.57,44.87,9.59,117.33,3.7263,45.551,12.22419022,0.18188,2.1286,6.023,NA,0.14915,1.6864,3.89,NA,NA,NA,2064.715366,25.6527777775,NA,NA,0.749709869404259,0.0398662540226342,NA,NA,0.000142721299518752,1
"soy","flowering",2017,113,"soy_2017_113_t2","FS2.soy_t2_113","BS2.soy_t2_113_V4_S10","R34","I","CSCS","R1","corn","Two","C",NA,NA,19.21,4.8025,1,2,0.31,0.66,0.22,2.45,1.55,47.98,94.82,49.75,9.72,280.9,4.2652,45.239,10.60653662,0.19135,2.1657,1.6,4,0.15184,1.681,1.2,3,112,95,3887.99509,NA,NA,NA,NA,NA,NA,NA,NA,NA
"soy","flowering",2017,117,"soy_2017_117_t2","FS2.soy_t2_117","BS2.soy_t2_117_V4_S11","R12","C","CPWS","R1","winter wheat","Four","A",NA,NA,33.61,8.4025,3,4,0.25,1.17,0.2,2.19,1.1,44.18,74.3,38.45,10.02,145.2,3.8218,45.683,11.95326809,0.20591,2.3533,3.3,6,0.16354,1.7822,1,3,105,104,5623.166363,NA,NA,NA,NA,NA,NA,NA,NA,NA
"soy","flowering",2017,118,"soy_2017_118_t2","FS2.soy_t2_118","BS2.soy_t2_118_V4_S12","R26","G","CSSwP","R1","corn","Four","B",NA,NA,21.726,5.4315,2,1,0.3,0.8,0.2,2.36,1.43,48.86,81.5,42.29,9.91,203.07,4.0645,45.486,11.19104441,0.1954,2.2323,1.5,7,0.15071,1.6773,0.8,3,113,122,5208.552559,NA,NA,NA,NA,NA,NA,NA,NA,NA
"soy","flowering",2017,124,"soy_2017_124_t2","FS2.soy_t2_124","BS2.soy_t2_124_V4_S22","R18","E","CSSwSf","R1","corn","Four","B",NA,NA,19.03,4.7575,1,3,0.35,0.99,0.2,2.27,1.14,51.37,76.55,41.55,10.75,147.3,4.2056,45.413,10.79822142,0.17541,1.9311,2.2,4,0.12096,1.2698,1,2,116,116,3596.249586,NA,NA,NA,NA,NA,NA,NA,NA,NA
"soy","flowering",2017,129,"soy_2017_129_t2","FS2.soy_t2_129","BS2.soy_t2_129_V4_S23","R32","H","COWS","R1","winter wheat","Four","A",NA,NA,29.06,7.265,4,2,0.29,1,0.2,2.22,1.22,52.69,87.41,39.76,10.39,204.12,3.9547,45.382,11.47545958,0.20274,2.3256,3,7,0.15199,1.6198,1.5,3,132,114,5364.467708,NA,NA,NA,NA,NA,NA,NA,NA,NA
"soy","flowering",2017,205,"soy_2017_205_t2","FS2.soy_t2_205","BS2.soy_t2_205_V4_S24","R18","E","CSSwSf","R2","corn","Four","B",NA,NA,20.31,5.0775,0,2,0.34,0.76,0.17,2.07,1.28,63.82,67.74,42.04,9.76,174.59,3.8692,45.041,11.64090768,0.15784,1.7061,2.7,11,0.14598,1.5014,1.3,3,100,94,3637.323295,NA,NA,NA,NA,NA,NA,NA,NA,NA
"soy","flowering",2017,213,"soy_2017_213_t2","FS2.soy_t2_213","BS2.soy_t2_213_V4_S34","R26","G","CSSwP","R2","corn","Four","B",NA,NA,18.58,4.645,2,0,0.31,0.68,0.23,1.93,1.31,47.67,79.47,46.74,9.64,214.8,4.145,45.499,10.97683957,0.15573,1.7427,1.8,4,0.11724,1.2206,1.1,3,102,98,3750.259457,NA,NA,NA,NA,NA,NA,NA,NA,NA
"soy","flowering",2017,222,"soy_2017_222_t2","FS2.soy_t2_222","BS2.soy_t2_222_V4_S35","R12","C","CPWS","R2","winter wheat","Four","A",NA,NA,23.77,5.9425,1,4,0.25,0.85,0.19,2.15,1.19,44.49,78.68,40.85,9.24,140.7,3.7164,45.492,12.24087827,0.16165,1.8125,2.6,12,0.13961,1.4753,1.3,3,118,112,4389.797358,NA,NA,NA,NA,NA,NA,NA,NA,NA
"soy","flowering",2017,230,"soy_2017_230_t2","FS2.soy_t2_230","BS2.soy_t2_230_V4_S36","R34","I","CSCS","R2","corn","Two","C",NA,NA,20.72,5.18,2,1,0.32,0.66,0.21,1.93,1.33,54.92,83.23,49.5,9.97,283.37,3.8667,45.494,11.76558823,0.17739,2.065,1.7,6,0.12955,1.3373,1.1,2,122,106,3540.26885,NA,NA,NA,NA,NA,NA,NA,NA,NA
"soy","flowering",2017,232,"soy_2017_232_t2","FS2.soy_t2_232","BS2.soy_t2_232_V4_S46","R32","H","COWS","R2","winter wheat","Four","A",NA,NA,30.36,7.59,3,4,0.28,1.09,0.19,2.22,1.06,43.75,71.41,38.99,8.71,109.57,3.8553,45.376,11.76977148,0.20224,2.3308,1.7,11,0.13284,1.3484,1.1,3,134,115,4649.036283,NA,NA,NA,NA,NA,NA,NA,NA,NA
"soy","flowering",2017,303,"soy_2017_303_t2","FS2.soy_t2_303","BS2.soy_t2_303_V4_S47","R32","H","COWS","R3","winter wheat","Four","A",NA,NA,38.91,9.7275,4,4,0.21,1.06,0.18,2.2,1.13,43.17,75.51,33.03,10.23,145.53,3.3897,45.438,13.40472608,0.19235,2.2103,1.6,7,0.13881,1.4559,1.4,3,138,91,4859.80532,NA,NA,NA,NA,NA,NA,NA,NA,NA
"soy","flowering",2017,310,"soy_2017_310_t2",NA,"BS2.soy_t2_310_V4_S48","R34","I","CSCS","R3","corn","Two","C",NA,NA,16.87,4.2175,3,0,0.28,0.47,0.18,1.29,0.92,48.83,72.57,44.76,8.28,143.08,4.0578,45.754,11.27556804,0.12687,1.3624,2.6,4,0.09388,0.88308,1.5,3,89,72,2624.946548,NA,NA,NA,NA,NA,NA,NA,NA,NA
"soy","flowering",2017,312,"soy_2017_312_t2","FS2.soy_t2_312","BS2.soy_t2_312_V4_S58","R12","C","CPWS","R3","winter wheat","Four","A",NA,NA,23.73,5.9325,3,4,0.26,1.11,0.15,2.21,1.02,38.91,61.11,35.21,8.04,121.13,3.6282,45.246,12.4706466,0.12441,1.3864,1.8,4,0.08195,0.73465,0.9,2,104,79,3913.442884,NA,NA,NA,NA,NA,NA,NA,NA,NA
"soy","flowering",2017,314,"soy_2017_314_t2","FS2.soy_t2_314","BS2.soy_t2_314_V4_S59","R26","G","CSSwP","R3","corn","Four","B",NA,NA,18.84,4.71,2,0,0.27,0.75,0.18,2.28,1.57,62.2,108.64,48.23,8.69,282.7,3.8153,44.309,11.61350353,0.12871,1.4384,1.1,7,0.10352,1.0654,1,3,110,83,3263.262778,NA,NA,NA,NA,NA,NA,NA,NA,NA
"soy","flowering",2017,336,"soy_2017_336_t2","FS2.soy_t2_336","BS2.soy_t2_336_V4_S60","R18","E","CSSwSf","R3","corn","Four","B",NA,NA,18.23,4.5575,0,2,0.28,1.07,0.22,1.93,1.23,48.59,69.26,44.26,10.72,162.95,4.1224,45.619,11.06612653,0.19904,2.2324,2.4,7,0.15635,1.6351,1.3,3,155,102,4213.687158,NA,NA,NA,NA,NA,NA,NA,NA,NA
"soy","flowering",2017,408,"soy_2017_408_t2","FS2.soy_t2_408","BS2.soy_t2_408_V4_S70","R12","C","CPWS","R4","winter wheat","Four","A",NA,NA,24.29,6.0725,0,4,0.23,1.1,0.15,2.12,0.96,40.12,64.93,34.15,7.95,104.06,3.5186,45.386,12.89888024,0.15596,1.67,2.5,5,0.10321,1.0388,2.7,3,116,94,4191.167845,NA,NA,NA,NA,NA,NA,NA,NA,NA
"soy","flowering",2017,423,"soy_2017_423_t2","FS2.soy_t2_423","BS2.soy_t2_423_V4_S71","R32","H","COWS","R4","winter wheat","Four","A",NA,NA,25.66,6.415,3,3,0.29,1.57,0.2,1.6,0.67,40.23,66.55,33.32,9.93,99.3,4.2137,45.681,10.84106605,0.19053,2.1721,2.3,11,0.14038,1.4757,1.3,3,111,97,4802.852099,NA,NA,NA,NA,NA,NA,NA,NA,NA
"soy","flowering",2017,426,"soy_2017_426_t2","FS2.soy_t2_426","BS2.soy_t2_426_V4_S72","R26","G","CSSwP","R4","corn","Four","B",NA,NA,19.69,4.9225,2,1,0.25,0.61,0.19,2.02,1.31,48.03,76.66,44.8,8.5,169.99,3.9348,45.467,11.5550981,0.18392,2.1359,1.6,4,0.13379,1.4324,1.4,2,127,103,3315.413114,NA,NA,NA,NA,NA,NA,NA,NA,NA
"soy","flowering",2017,427,"soy_2017_427_t2","FS2.soy_t2_427","BS2.soy_t2_427_V4_S82","R34","I","CSCS","R4","corn","Two","C",NA,NA,14.82,3.705,0,1,0.24,0.58,0.17,1.47,1.02,46.12,53.08,36.16,9.02,170.38,3.7059,45.915,12.38970291,0.17885,1.966,1.5,6,0.1203,1.2058,1.5,2,115,93,3075.698865,NA,NA,NA,NA,NA,NA,NA,NA,NA
"soy","flowering",2017,430,"soy_2017_430_t2","FS2.soy_t2_430","BS2.soy_t2_430_V4_S83","R18","E","CSSwSf","R4","corn","Four","B",NA,NA,17.31,4.3275,1,3,0.26,0.59,0.15,1.55,0.94,33.42,50.27,32.91,9.62,116.52,3.58,45.987,12.84553073,0.18008,2.0985,2.1,5,0.1375,1.4255,1.4,3,130,108,3248.909252,NA,NA,NA,NA,NA,NA,NA,NA,NA
"soy","seedling",2016,122,"soy_2016_122_t1","FS1.122","BS1.122_S114_L001","R19","E","CSSwSf","R1","corn","Four","B",45,2,2.02,0.336666667,NA,NA,0.43,1.33,0.23,1.59,0.81,45.11,65.51,53.35,12.19,229.83,4.0057,45.708,11.4107397,NA,NA,NA,NA,NA,NA,NA,NA,NA,NA,NA,23.435185185,30.6,8.08333333333333,0.787201653672813,0.0770576120534975,6.796,1.44166666666667,0.000328342493320338,0.833333333333333
"soy","seedling",2016,123,"soy_2016_123_t1","FS1.123","BS1.123_S108_L001","R9","C","CPWS","R1","winter wheat","Four","A",49,6,3.95,0.658333333,NA,NA,0.44,1.43,0.25,1.92,1,47.2,80.34,54.74,12.49,232.28,4.1632,45.143,10.84334166,NA,NA,NA,NA,NA,NA,NA,NA,NA,NA,NA,24.5648148183333,28.2,10.2333333333333,0.797255555503857,0.0375514401522634,5,2.32666666666667,7.76556882603096e-05,1
"soy","seedling",2016,130,"soy_2016_130_t1","FS1.130","BS1.130_S110_L001","R27","G","CSSwP","R1","corn","Four","B",54,6,3.04,0.506666667,NA,NA,0.5,0.95,0.25,1.83,1.12,49.85,67.13,57.74,12.95,163.6,4.1942,45.705,10.89719136,NA,NA,NA,NA,NA,NA,NA,NA,NA,NA,NA,24.0370370383333,31.0666666666667,10.6666666666667,0.787325473953802,0.0724279837201647,2.26666666666666,0.0666666666666667,4.19808912129243e-05,1
"soy","seedling",2016,133,"soy_2016_133_t1","FS1.133","BS1.133_S116_L001","R33","I","CSCS","R1","corn","Two","C",54,3,2.48,0.413333333,NA,NA,0.45,1.07,0.23,1.8,0.99,48.08,58.22,53.68,13.43,149.41,3.9603,45.906,11.59154609,NA,NA,NA,NA,NA,NA,NA,NA,NA,NA,NA,23.74074074,33.9833333333333,10.1,0.77519286662216,0.231687241423868,13.7096666666667,0.444,0.000578421729277371,1
"soy","seedling",2016,207,"soy_2016_207_t1","FS1.207","BS1.207_S109_L001","R29","H","COWS","R2","winter wheat","Four","A",54,6,2.82,0.47,NA,NA,0.47,1.53,0.27,1.86,0.96,43.81,82.32,53.72,12.64,189.68,3.9957,45.751,11.45005881,NA,NA,NA,NA,NA,NA,NA,NA,NA,NA,NA,24.45,22.8333333333333,9.52,0.80000010613216,0.223,4.73866666666666,0.821999999999999,0.000151439306482188,1
"soy","seedling",2016,220,"soy_2016_220_t1","FS1.220","BS1.220_S107_L001","R33","I","CSCS","R2","corn","Two","C",57,4,2.44,0.406666667,NA,NA,0.47,1.38,0.24,1.88,1.02,48.94,64.45,53.84,11.83,164.3,4.2113,45.78,10.8707525,NA,NA,NA,NA,NA,NA,NA,NA,NA,NA,NA,24.2166666666667,24.2666666666667,9,0.794038190933947,0.149666666666666,2.14666666666667,1.144,0.000307876060069131,1
"soy","seedling",2016,227,"soy_2016_227_t1","FS1.227","BS1.227_S115_L001","R27","G","CSSwP","R2","corn","Four","B",51,6,2.9,0.483333333,NA,NA,0.5,1.24,0.26,1.93,1.09,54.78,72.47,53.27,14.66,187.32,4.2516,45.557,10.71526014,NA,NA,NA,NA,NA,NA,NA,NA,NA,NA,NA,24.7,28.4333333333333,8.6,0.791544331798132,0.0239999999999998,5.36266666666666,0.916,0.000120388005187112,1
"soy","seedling",2016,231,"soy_2016_231_t1","FS1.231","BS1.231_S105_L001","R19","E","CSSwSf","R2","corn","Four","B",46,5,2.27,0.378333333,NA,NA,0.48,1.32,0.24,1.85,1,48.96,69.02,57.9,13.36,134.54,4.1543,45.818,11.02905423,NA,NA,NA,NA,NA,NA,NA,NA,NA,NA,NA,23.7666666666667,30,9.71666666666667,0.796054243382235,0.118666666666667,3.812,2.21366666666667,0.000427497058952484,1
"soy","seedling",2016,235,"soy_2016_235_t1","FS1.235","BS1.235_S111_L001","R9","C","CPWS","R2","winter wheat","Four","A",58,6,3.82,0.636666667,NA,NA,0.46,1.54,0.27,1.87,0.99,49.37,73.83,52.97,14.27,173,4.289,45.448,10.59640942,NA,NA,NA,NA,NA,NA,NA,NA,NA,NA,NA,24.9666666666667,26.5666666666667,10.25,0.791952359451407,0.122666666666666,6.38666666666666,1.395,9.62247246794915e-05,1
"soy","seedling",2016,301,"soy_2016_301_t1","FS1.301","BS1.301_S99_L001","R27","G","CSSwP","R3","corn","Four","B",52,6,3.24,0.54,NA,NA,0.43,1.08,0.24,1.79,1.1,43.54,63.8,51.56,12.82,166.71,4.1975,45.383,10.81191185,NA,NA,NA,NA,NA,NA,NA,NA,NA,NA,NA,23.814814815,35.2333333333333,10.9333333333333,0.793033539734088,0.0872427996460904,11.6986666666667,1.24666666666667,0.000320305534951346,1
"soy","seedling",2016,321,"soy_2016_321_t1","FS1.321","BS1.321_S112_L001","R19","E","CSSwSf","R3","corn","Four","B",59,4,2.61,0.435,NA,NA,0.47,1.44,0.23,1.79,0.92,47.64,60.55,52.88,12.11,145.21,3.811,45.496,11.938074,NA,NA,NA,NA,NA,NA,NA,NA,NA,NA,NA,23.833333335,26.8666666666667,10.15,0.784203047979142,0.137037038296296,12.8666666666667,0.135,0.000194651316515027,1
"soy","seedling",2016,330,"soy_2016_330_t1","FS1.330","BS1.330_S101_L001","R29","H","COWS","R3","winter wheat","Four","A",47,6,3.51,0.585,NA,NA,0.41,1.69,0.25,1.94,0.92,45.48,76.64,52.08,10.56,170.09,3.9494,45.446,11.50706436,NA,NA,NA,NA,NA,NA,NA,NA,NA,NA,NA,24.564814815,27.4166666666667,9.25,0.793796248229901,0.158539094572017,7.34966666666667,0.743,0.000170520987178106,1
"soy","seedling",2016,332,"soy_2016_332_t1","FS1.332","BS1.332_S97_L001","R33","I","CSCS","R3","corn","Two","C",48,4,2.93,0.488333333,NA,NA,0.44,0.94,0.24,1.94,1.18,46.7,65.26,58.46,10.21,201.02,3.8405,45.22,11.77450853,NA,NA,NA,NA,NA,NA,NA,NA,NA,NA,NA,24.6851851866667,31.45,9.5,0.779437092395918,0.339094650609053,14.651,1.112,0.000325947315561812,1
"soy","seedling",2016,333,"soy_2016_333_t1","FS1.333","BS1.333_S103_L001","R9","C","CPWS","R3","winter wheat","Four","A",61,5,3.04,0.506666667,NA,NA,0.41,1.44,0.25,1.92,0.95,43.09,70.35,51.24,13.31,202.69,3.8543,45.454,11.79306229,NA,NA,NA,NA,NA,NA,NA,NA,NA,NA,NA,25.435185185,30.2333333333333,9.6,0.776280081608651,0.125205760572016,10.7786666666667,2.536,0.000192781741785316,1
"soy","seedling",2016,409,"soy_2016_409_t1","FS1.409","BS1.409_S102_L001","R29","H","COWS","R4","winter wheat","Four","A",50,5,2.71,0.451666667,NA,NA,0.46,1.69,0.26,1.94,0.93,50.75,81.62,55.68,10.97,209.21,3.97,45.586,11.48261965,NA,NA,NA,NA,NA,NA,NA,NA,NA,NA,NA,25.1333333333333,21.9333333333333,8.6,0.800841972652303,0.0946666666666668,0.678666666666667,1.244,0.000118023701508687,1
"soy","seedling",2016,419,"soy_2016_419_t1","FS1.419","BS1.419_S104_L001","R19","E","CSSwSf","R4","corn","Four","B",57,4,2.44,0.406666667,NA,NA,0.41,1.26,0.22,1.85,0.91,43.96,65.66,52.61,11.54,340.65,4.3693,45.674,10.4533907,NA,NA,NA,NA,NA,NA,NA,NA,NA,NA,NA,24.65,28.2,7.88333333333333,0.808573363510357,0.0430000000000001,7.724,4.79766666666667,0.000950414121874057,1
"soy","seedling",2016,421,"soy_2016_421_t1","FS1.421","BS1.421_S98_L001","R9","C","CPWS","R4","winter wheat","Four","A",60,6,3.58,0.596666667,NA,NA,0.41,1.27,0.23,1.92,0.95,37.85,73.29,50.45,10.48,263.5,4.1205,45.41,11.02050722,NA,NA,NA,NA,NA,NA,NA,NA,NA,NA,NA,25.2,26.1333333333333,9.33333333333333,0.787379952197374,0.0679999999999998,7.62666666666667,1.21066666666667,4.66687075756177e-05,1
"soy","seedling",2016,422,"soy_2016_422_t1","FS1.422","BS1.422_S100_L001","R27","G","CSSwP","R4","corn","Four","B",46,3,2.21,0.368333333,NA,NA,0.41,0.86,0.23,1.75,0.96,41.82,55.3,53.86,11.97,211.32,4.065,46.031,11.32373924,NA,NA,NA,NA,NA,NA,NA,NA,NA,NA,NA,25.2,28.3,8.88333333333333,0.783209903896454,0.0639999999999995,7.948,0.213666666666666,0.000299788827656907,1
"soy","seedling",2016,434,"soy_2016_434_t1","FS1.434","BS1.434_S113_L001","R33","I","CSCS","R4","corn","Two","C",44,5,2.71,0.451666667,NA,NA,0.41,1.04,0.21,1.82,0.92,41.32,57.76,52.17,10.64,210.81,4.0604,45.878,11.29888681,NA,NA,NA,NA,NA,NA,NA,NA,NA,NA,NA,25.2833333333333,30.5666666666667,8.43333333333333,0.771485657087892,0.229666666666667,11.6706666666667,1.17866666666667,3.17345153128216e-05,1
"soy","seedling",2017,113,"soy_2017_113_t1","FS1.soy_t1_113","BS1.soy_t1_113_V4_S3","R34","I","CSCS","R1","corn","Two","C",45,0,1.84,0.306666667,NA,NA,0.34,0.92,0.23,1.54,0.75,44.26,80.82,33.32,8.86,681.89,4.0812,41.746,10.22885426,NA,NA,NA,NA,NA,NA,NA,NA,NA,NA,NA,NA,NA,NA,NA,NA,NA,NA,NA,NA
"soy","seedling",2017,117,"soy_2017_117_t1","FS1.soy_t1_117","BS1.soy_t1_117_V4_S4","R12","C","CPWS","R1","winter wheat","Four","A",51,2,2.8,0.466666667,NA,NA,0.32,1.24,0.22,1.68,0.8,41.8,119.47,44.25,9.17,952.65,4.0813,38.918,9.535687159,NA,NA,NA,NA,NA,NA,NA,NA,NA,NA,NA,NA,NA,NA,NA,NA,NA,NA,NA,NA
"soy","seedling",2017,118,"soy_2017_118_t1","FS1.soy_t1_118","BS1.soy_t1_118_V4_S15","R26","G","CSSwP","R1","corn","Four","B",52,1,1.77,0.295,NA,NA,0.36,0.81,0.23,1.37,0.74,41.65,80.3,27.66,9.86,677.42,4.1473,40.677,9.8080679,NA,NA,NA,NA,NA,NA,NA,NA,NA,NA,NA,NA,NA,NA,NA,NA,NA,NA,NA,NA
"soy","seedling",2017,124,"soy_2017_124_t1","FS1.soy_t1_124","BS1.soy_t1_124_V4_S16","R18","E","CSSwSf","R1","corn","Four","B",39,0,1.9,0.316666667,NA,NA,0.35,1.01,0.21,1.44,0.69,40.15,221.76,43.69,10.67,1144.03,3.3739,37.336,11.06612526,NA,NA,NA,NA,NA,NA,NA,NA,NA,NA,NA,NA,NA,NA,NA,NA,NA,NA,NA,NA
"soy","seedling",2017,129,"soy_2017_129_t1","FS1.soy_t1_129","BS1.soy_t1_129_V4_S27","R32","H","COWS","R1","winter wheat","Four","A",56,1,2.23,0.371666667,NA,NA,0.35,1.39,0.22,1.62,0.77,43.1,110.51,32.47,9.68,942.84,4.2151,40.717,9.659794548,NA,NA,NA,NA,NA,NA,NA,NA,NA,NA,NA,NA,NA,NA,NA,NA,NA,NA,NA,NA
"soy","seedling",2017,205,"soy_2017_205_t1","FS1.soy_t1_205","BS1.soy_t1_205_V4_S28","R18","E","CSSwSf","R2","corn","Four","B",51,0,1.94,0.323333333,NA,NA,0.33,0.87,0.21,1.51,0.81,42.52,95.32,30.45,8.48,808.47,3.6676,40.51,11.04537027,NA,NA,NA,NA,NA,NA,NA,NA,NA,NA,NA,NA,NA,NA,NA,NA,NA,NA,NA,NA
"soy","seedling",2017,213,"soy_2017_213_t1","FS1.soy_t1_213","BS1.soy_t1_213_V4_S39","R26","G","CSSwP","R2","corn","Four","B",42,0,2.23,0.371666667,NA,NA,0.29,0.73,0.2,1.32,0.77,35.21,131.17,42.41,9.25,1234.85,3.7708,38.783,10.28508539,NA,NA,NA,NA,NA,NA,NA,NA,NA,NA,NA,NA,NA,NA,NA,NA,NA,NA,NA,NA
"soy","seedling",2017,222,"soy_2017_222_t1","FS1.soy_t1_222","BS1.soy_t1_222_V4_S40","R12","C","CPWS","R2","winter wheat","Four","A",56,0,1.97,0.328333333,NA,NA,0.32,0.94,0.22,1.77,0.85,40.61,99.65,29.59,8.89,725.87,4.0803,40.587,9.947062716,NA,NA,NA,NA,NA,NA,NA,NA,NA,NA,NA,NA,NA,NA,NA,NA,NA,NA,NA,NA
"soy","seedling",2017,230,"soy_2017_230_t1","FS1.soy_t1_230","BS1.soy_t1_230_V4_S51","R34","I","CSCS","R2","corn","Two","C",46,0,2.61,0.435,NA,NA,0.33,0.8,0.22,1.4,0.81,47.93,147.65,35.67,10.11,1780.02,3.2368,33.473,10.34138655,NA,NA,NA,NA,NA,NA,NA,NA,NA,NA,NA,NA,NA,NA,NA,NA,NA,NA,NA,NA
"soy","seedling",2017,232,"soy_2017_232_t1","FS1.soy_t1_232","BS1.soy_t1_232_V4_S52","R32","H","COWS","R2","winter wheat","Four","A",64,3,2.17,0.361666667,NA,NA,0.37,1.52,0.23,1.78,0.85,40.82,99.01,30.8,10.22,687.31,4.5844,42.095,9.182226682,NA,NA,NA,NA,NA,NA,NA,NA,NA,NA,NA,NA,NA,NA,NA,NA,NA,NA,NA,NA
"soy","seedling",2017,303,"soy_2017_303_t1","FS1.soy_t1_303","BS1.soy_t1_303_V4_S63","R32","H","COWS","R3","winter wheat","Four","A",56,3,2.47,0.411666667,NA,NA,0.26,1.49,0.19,1.54,0.76,34.22,143.74,26.46,9.5,1208.54,4.305,38.076,8.844599303,NA,NA,NA,NA,NA,NA,NA,NA,NA,NA,NA,NA,NA,NA,NA,NA,NA,NA,NA,NA
"soy","seedling",2017,310,"soy_2017_310_t1","FS1.soy_t1_310","BS1.soy_t1_310_V4_S64","R34","I","CSCS","R3","corn","Two","C",37,2,2.53,0.421666667,NA,NA,0.32,0.74,0.21,1.35,0.82,49.76,140.64,27.52,9,1449.51,2.9901,34.206,11.43975118,NA,NA,NA,NA,NA,NA,NA,NA,NA,NA,NA,NA,NA,NA,NA,NA,NA,NA,NA,NA
"soy","seedling",2017,312,"soy_2017_312_t1","FS1.soy_t1_312","BS1.soy_t1_312_V4_S75","R12","C","CPWS","R3","winter wheat","Four","A",48,1,2.18,0.363333333,NA,NA,0.34,1.6,0.21,1.55,0.73,46.31,86.99,30.35,9.13,661.78,3.9706,41.277,10.39565809,NA,NA,NA,NA,NA,NA,NA,NA,NA,NA,NA,NA,NA,NA,NA,NA,NA,NA,NA,NA
"soy","seedling",2017,314,"soy_2017_314_t1","FS1.soy_t1_314","BS1.soy_t1_314_V4_S76","R26","G","CSSwP","R3","corn","Four","B",39,0,2.87,0.478333333,NA,NA,0.29,0.62,0.18,1.14,0.67,38.21,213.62,27,8.78,2374.69,3.4932,34.895,9.989407993,NA,NA,NA,NA,NA,NA,NA,NA,NA,NA,NA,NA,NA,NA,NA,NA,NA,NA,NA,NA
"soy","seedling",2017,336,"soy_2017_336_t1","FS1.soy_t1_336","BS1.soy_t1_336_V4_S87","R18","E","CSSwSf","R3","corn","Four","B",38,0,1.57,0.261666667,NA,NA,0.35,1.37,0.24,1.58,0.79,40.76,78.28,33.87,9.53,619.39,4.2508,42.741,10.05481321,NA,NA,NA,NA,NA,NA,NA,NA,NA,NA,NA,NA,NA,NA,NA,NA,NA,NA,NA,NA
"soy","seedling",2017,408,"soy_2017_408_t1","FS1.soy_t1_408","BS1.soy_t1_408_V4_S30","R12","C","CPWS","R4","winter wheat","Four","A",58,1,2.21,0.368333333,NA,NA,0.38,1.59,0.24,2.13,0.92,50.23,124.53,51.18,11.23,910.98,4.0376,41.366,10.24519517,NA,NA,NA,NA,NA,NA,NA,NA,NA,NA,NA,NA,NA,NA,NA,NA,NA,NA,NA,NA
"soy","seedling",2017,423,"soy_2017_423_t1","FS1.soy_t1_423","BS1.soy_t1_423_V4_S41","R32","H","COWS","R4","winter wheat","Four","A",52,0,2.44,0.406666667,NA,NA,0.31,1.27,0.21,1.52,0.75,57.12,229.62,24.1,34.99,1974.34,3.8739,37.967,9.800717623,NA,NA,NA,NA,NA,NA,NA,NA,NA,NA,NA,NA,NA,NA,NA,NA,NA,NA,NA,NA
"soy","seedling",2017,426,"soy_2017_426_t1","FS1.soy_t1_426","BS1.soy_t1_426_V4_S42","R26","G","CSSwP","R4","corn","Four","B",44,2,2.63,0.438333333,NA,NA,0.32,0.73,0.22,1.45,0.82,45.44,217.52,27.5,10.6,2858.68,3.5359,32.691,9.245453774,NA,NA,NA,NA,NA,NA,NA,NA,NA,NA,NA,NA,NA,NA,NA,NA,NA,NA,NA,NA
"soy","seedling",2017,427,"soy_2017_427_t1","FS1.soy_t1_427","BS1.soy_t1_427_V4_S53","R34","I","CSCS","R4","corn","Two","C",40,0,1.94,0.323333333,NA,NA,0.3,0.69,0.22,1.53,0.74,35.72,115.75,33.6,9.93,1590.19,3.3676,34.604,10.27556717,NA,NA,NA,NA,NA,NA,NA,NA,NA,NA,NA,NA,NA,NA,NA,NA,NA,NA,NA,NA
"soy","seedling",2017,430,"soy_2017_430_t1","FS1.soy_t1_430","BS1.soy_t1_430_V4_S54","R18","E","CSSwSf","R4","corn","Four","B",49,0,1.81,0.301666667,NA,NA,0.33,1.16,0.23,1.58,0.82,36.31,100.32,29.36,8.85,1221.08,3.7505,41.784,11.14091454,NA,NA,NA,NA,NA,NA,NA,NA,NA,NA,NA,NA,NA,NA,NA,NA,NA,NA,NA,NA
